page_url,video_code,playlist_url,quality,source
https://missav123.com/en/atid-665,atid-665,https://surrit.com/309741ab-31dd-4bde-bdfd-21781704dd7a/720p/video.m3u8,720p,surrit.com
https://missav123.com/en/atid-665,atid-665,https://surrit.com/309741ab-31dd-4bde-bdfd-21781704dd7a/playlist.m3u8,playlist,surrit.com
https://missav123.com/en/cawd-941,cawd-941,https://surrit.com/551cdddf-4ff1-40f4-b9ec-4dcae9f8d2bc/720p/video.m3u8,720p,surrit.com
https://missav123.com/en/cawd-941,cawd-941,https://surrit.com/551cdddf-4ff1-40f4-b9ec-4dcae9f8d2bc/playlist.m3u8,playlist,surrit.com
https://missav123.com/en/fns-124,fns-124,https://surrit.com/21e6f42c-bab6-41f6-b5db-8dd68b11c2c2/1080p/video.m3u8,1080p,surrit.com
https://missav123.com/en/fns-124,fns-124,https://surrit.com/21e6f42c-bab6-41f6-b5db-8dd68b11c2c2/720p/video.m3u8,720p,surrit.com
https://missav123.com/en/fns-124,fns-124,https://surrit.com/21e6f42c-bab6-41f6-b5db-8dd68b11c2c2/playlist.m3u8,playlist,surrit.com
https://missav123.com/en/maan-1145,maan-1145,https://surrit.com/0ad87ec8-acef-4496-b20e-3ef4ce1074f8/720p/video.m3u8,720p,surrit.com
https://missav123.com/en/maan-1145,maan-1145,https://surrit.com/0ad87ec8-acef-4496-b20e-3ef4ce1074f8/playlist.m3u8,playlist,surrit.com
https://missav123.com/en/sdjs-352,sdjs-352,https://surrit.com/551c9240-dcb9-4c58-8a57-3ddfe70572c9/720p/video.m3u8,720p,surrit.com
https://missav123.com/en/sdjs-352,sdjs-352,https://surrit.com/551c9240-dcb9-4c58-8a57-3ddfe70572c9/playlist.m3u8,playlist,surrit.com
https://missav123.com/en/sdmm-223,sdmm-223,https://surrit.com/8b575342-7995-479a-ad1f-876cfd488a77/720p/video.m3u8,720p,surrit.com
https://missav123.com/en/sdmm-223,sdmm-223,https://surrit.com/8b575342-7995-479a-ad1f-876cfd488a77/playlist.m3u8,playlist,surrit.com
https://missav123.com/en/snos-056,snos-056,https://surrit.com/65280449-890f-4c91-85c5-3f375490c19c/1080p/video.m3u8,1080p,surrit.com
https://missav123.com/en/snos-056,snos-056,https://surrit.com/65280449-890f-4c91-85c5-3f375490c19c/720p/video.m3u8,720p,surrit.com
https://missav123.com/en/snos-056,snos-056,https://surrit.com/65280449-890f-4c91-85c5-3f375490c19c/playlist.m3u8,playlist,surrit.com
https://missav123.com/en/start-492,start-492,https://surrit.com/8cc09cb5-6ca1-41a9-a583-8e712da9fece/1080p/video.m3u8,1080p,surrit.com
https://missav123.com/en/start-492,start-492,https://surrit.com/8cc09cb5-6ca1-41a9-a583-8e712da9fece/720p/video.m3u8,720p,surrit.com
https://missav123.com/en/start-492,start-492,https://surrit.com/8cc09cb5-6ca1-41a9-a583-8e712da9fece/playlist.m3u8,playlist,surrit.com
https://missav123.com/en/start-503,start-503,https://surrit.com/0e5cd21c-42da-4a8b-86e3-e4c24196a1ce/720p/video.m3u8,720p,surrit.com
https://missav123.com/en/start-503,start-503,https://surrit.com/0e5cd21c-42da-4a8b-86e3-e4c24196a1ce/playlist.m3u8,playlist,surrit.com
https://missav123.com/en/start-507,start-507,https://surrit.com/831d075c-f398-406c-9034-5601f94a559e/1080p/video.m3u8,1080p,surrit.com
https://missav123.com/en/start-507,start-507,https://surrit.com/831d075c-f398-406c-9034-5601f94a559e/720p/video.m3u8,720p,surrit.com
https://missav123.com/en/start-507,start-507,https://surrit.com/831d075c-f398-406c-9034-5601f94a559e/playlist.m3u8,playlist,surrit.com
https://missav123.com/en/waaa-614,waaa-614,https://surrit.com/dbf408d7-3241-4f54-b3b8-9edf31335504/720p/video.m3u8,720p,surrit.com
https://missav123.com/en/waaa-614,waaa-614,https://surrit.com/dbf408d7-3241-4f54-b3b8-9edf31335504/playlist.m3u8,playlist,surrit.com
