code,title,size,image_url,torrent_url,tags,actresses,date,page_url
ADN765,夫公認NTR 浮気相手（僕の上司）とのセックスでしかイケなくなってしまった妻に懇願されて、泣きながら浮気を許すしかなかった僕。 美園和花,4.9 GB,https://pics.dmm.co.jp/mono/movie/adult/adn765/adn765pl.jpg,https://onejav.com/torrent/adn765/download/53347808/onejav.com_adn765.torrent,"Affair, Big Tits, Creampie, Cuckold, Married Woman, Solowork",美園和花,2026-02-27,https://onejav.com/torrent/adn765
MNGS031,気さく・爽やか・笑顔が可愛い 大人気なムチムチボディ顧問を盗撮 強●キメセク 輪●調教 3泊4日の合宿で無抵抗アクメ肉便器に仕上げた。 美園和花,5.0 GB,https://pics.dmm.co.jp/mono/movie/adult/mngs031/mngs031pl.jpg,https://onejav.com/torrent/mngs031/download/07064643/onejav.com_mngs031.torrent,"3P, 4P, Acme · Orgasm, Athlete, Big Tits, Female Teacher, Solowork",美園和花,2026-02-13,https://onejav.com/torrent/mngs031
ATID665,飲まず食わずの極限状態で媚薬入りザーメンごっくん！精神ぶっ壊れ精飲シンドローム。 美園和花,7.5 GB,https://pics.dmm.co.jp/mono/movie/adult/atid665/atid665pl.jpg,https://onejav.com/torrent/atid665/download/00343564/onejav.com_atid665.torrent,"Beautiful Girl, Big Tits, Confinement, Cum, Solowork, Sweat",美園和花,2026-02-04,https://onejav.com/torrent/atid665
MBDD2164,Taboo ～わかのざわめき～/美園和花,4.3 GB,https://pics.dmm.co.jp/mono/movie/adult/n_707mbdd2164/n_707mbdd2164pl.jpg,https://onejav.com/torrent/mbdd2164/download/52783953/onejav.com_mbdd2164.torrent,"Idol, Image Video, Solowork",美園和花,2026-01-17,https://onejav.com/torrent/mbdd2164
MNGS027,酔うとベロキス魔になる下町スナックお姉さんの甘々淫語で癒しの中出しスケベ接客 ～これで明日も仕事頑張れる常連の僕たち～ 美園和花,5.9 GB,https://pics.dmm.co.jp/mono/movie/adult/mngs027/mngs027pl.jpg,https://onejav.com/torrent/mngs027/download/57373030/onejav.com_mngs027.torrent,"Big Tits, Creampie, Dirty Words, Kiss, Slut, Solowork",美園和花,2026-01-16,https://onejav.com/torrent/mngs027
NTRH002,豊満巨乳すぎる彼女が俺の親父に寝取られ種付けプレスされていた。 美園和花,5.2 GB,https://pics.dmm.co.jp/mono/movie/adult/ntrh002/ntrh002pl.jpg,https://onejav.com/torrent/ntrh002/download/63255122/onejav.com_ntrh002.torrent,"Big Tits, Conceived, Creampie, Cuckold, Older Sister, Solowork",美園和花,2025-12-26,https://onejav.com/torrent/ntrh002
MNGS022,娘の不在中、DQNに自宅を占拠され恥ずかしいほどイカされっぱなしの潮吹き輪●レ×プ13発 美園和花,6.8 GB,https://pics.dmm.co.jp/mono/movie/adult/mngs022/mngs022pl.jpg,https://onejav.com/torrent/mngs022/download/38290589/onejav.com_mngs022.torrent,"3P, 4P, Big Tits, Creampie, Nasty, Hardcore, Solowork, Squirting",美園和花,2025-12-12,https://onejav.com/torrent/mngs022
ADN749,ボーイッシュな隠れ巨乳の女友達を異性として意識してしまった僕。 美園和花,4.9 GB,https://pics.dmm.co.jp/mono/movie/adult/adn749/adn749pl.jpg,https://onejav.com/torrent/adn749/download/10344726/onejav.com_adn749.torrent,"Big Tits, Blow, Creampie, Drama, Solowork, Titty Fuck",美園和花,2025-11-28,https://onejav.com/torrent/adn749
MNGS017,アナタの耳元でじゅぽフェラ粘着ネバスぺ舐めシャブり！ごっくんASMR16発ナマ精飲！ 美園和花,5.1 GB,https://pics.dmm.co.jp/mono/movie/adult/mngs017/mngs017pl.jpg,https://onejav.com/torrent/mngs017/download/07824545/onejav.com_mngs017.torrent,"Big Tits, Blow, Cum, Facials, Other Fetish, Solowork",美園和花,2025-11-14,https://onejav.com/torrent/mngs017
SAME211,新任の美園先生が僕のチ○ポに即堕ちした夏の日。 美園和花,5.1 GB,https://pics.dmm.co.jp/mono/movie/adult/same211/same211pl.jpg,https://onejav.com/torrent/same211/download/66413572/onejav.com_same211.torrent,"Big Tits, Blow, Creampie, Drama, Female Teacher, Solowork",美園和花,2025-10-31,https://onejav.com/torrent/same211
