code,title,image_url,page_url,views,date_scraped
LULU-118-RM,"My Step Niece Is A Voluptuous College Girl Who Is At Her Sexual Peak And Her Lust Is Growing! So I Developed Her Nipples Through Sexual Fondling Until She Became A Sensual, Sensitive, Sexual Boy, And I Kept On Relentlessly Tweaking Those Nubs Until She Achieved Nipple Orgasm. Nodoka Miyajima [Uncensored L**ked]",https://pic.javct.net/poster/20212011/1641095272.jpg,https://javct.net/v/lulu-118-rm,160,2026-03-13
VENU-964-RM,"""Hold On For 10 More Minutes!"" Her Raw Pussy Felt So Good, My Cherry Boy Cock Was About To Burst As I Pounded Her With Ass-Shaking Thrusts, But This Horny Mama Was Controlling My Ejaculations - We Took A One-Day Hot Spring Vacation Behind Her Husband's Back - Kana Morisawa [Uncensored L**ked]",https://pic.javct.net/poster/20212011/1639840220.jpg,https://javct.net/v/venu-964-rm,113,2026-03-13
RCTD-441-RM,An Hourglass Figure! An Athlete's Body. Toka Rinne [Uncensored L**ked],https://pic.javct.net/poster/20212011/1640239930.jpg,https://javct.net/v/rctd-441-rm,122,2026-03-13
DOA-013,Behind The Scenes ● Market 4 Hours 16 People,https://pic.javct.net/poster/06032026/1773322777.jpg,https://javct.net/v/doa-013,240,2026-03-13
HZGD-189-SUB,"""The Truth Is, Your Step Father Fucks Me Every Week On Tuesday"" An Sasakura [English Subtitle]",https://static.javct.net/poster/hzgd-189.jpg,https://javct.net/v/hzgd-189-sub,130,2026-03-13
SONE-586-SUB,The best ejaculation experience of your life with Tokiho Kanamatsu ULTRA VIP GRAVURE Fuzoku 10 with 4K [English Subtitle],https://pic.javct.net/poster/20253001/1738865926.jpg,https://javct.net/v/sone-586-sub,230,2026-03-13
ABF-329,Sweet And Sadistic Nipple Slut Nonoura Non,https://pic.javct.net/poster/06032026/1773281885.jpg,https://javct.net/v/abf-329,135,2026-03-13
ABF-328,Saturday Morning Fucking With A Morning Erection. Remu Suzumori,https://pic.javct.net/poster/06032026/1773281950.jpg,https://javct.net/v/abf-328,135,2026-03-13
ABF-330,Takimoto Shizukuha Was Left Behind In A Mahjong Parlor Full Of Men.,https://pic.javct.net/poster/06032026/1773281820.jpg,https://javct.net/v/abf-330,120,2026-03-13
RKI-613-RM,Super Feel Good Impregnating Sex With The Number One Cum Lover In The World! Mei Satsuki [Uncensored L**ked],https://static.javct.net/poster/rki-613.jpg,https://javct.net/v/rki-613-rm,126,2026-03-13
JUL-633-RM,Married Woman Gushes Sweat And Bucks Her Hips While She Drains Your Creampie. Kana Mito [Uncensored L**ked],https://static.javct.net/poster/jul-633.jpg,https://javct.net/v/jul-633-rm,155,2026-03-13
KUSE-019-RM,"Woman Has A Bad Habit Tempting With Her Holes When She Wants It! Thick Bitch In Hole Temptation Reverse Pick Up Everywhere, Jun Asami [Uncensored L**ked]",https://static.javct.net/poster/1627973553.jpg,https://javct.net/v/kuse-019-rm,141,2026-03-13
JUY-277-RM,A Middle Aged Couple's Love Affair That Starts In The Bathtub The Wet And Wild Room Miyuki Okano [Uncensored L**ked],https://pic.javct.net/poster/20221108/1661969615.jpg,https://javct.net/v/juy-277-rm,116,2026-03-13
JUL-185-US,"A Married Woman Secretary Is Having Sweaty, Kiss-Filled Creampie Sex In The President's Office Nao Jinguji [English Subtitle, Reducing Mosaic]",https://pic.javct.net/poster/20212011/1640274968.jpg,https://javct.net/v/jul-185-us,117,2026-03-13
NGOD-168-RM,"He Was An Old Company Man Who Was Left To Wither In The Office, But When He Shoved His Big Dick Into This Naughty And Haughty Career Woman, She Melted Like Butter In His Hands Mao Hamasaki [Uncensored L**ked]",https://pic.javct.net/poster/20221202/1646376955.jpg,https://javct.net/v/ngod-168-rm,123,2026-03-13
JUL-638-RM,Innocent And Beautiful Wife Gets Ravished By An Older Corrupt Investigator Who Likes To Use His Authority Mikako Horiuchi [Uncensored L**ked],https://static.javct.net/poster/jul-638.jpg,https://javct.net/v/jul-638-rm,135,2026-03-13
FSDSS-342-RM,"Ever Since That Day, When I Partied Too Hard, And He Ravaged Me ... I Would Get Wet, As Soon As Our Eyes Met. She Hated Her Boss, But She Was Hooked On His Cock. Lulu Amakuni [Uncensored L**ked]",https://pic.javct.net/poster/20212011/1640234443.jpg,https://javct.net/v/fsdss-342-rm,120,2026-03-13
FNS-167-RM,"A Big-breasted Female College Student Couldn't Stand The Peeing Orgasm That Kneaded Her Private Parts And Fo**ed Her Squirt Out, So She Was Seduced By An Unscrupulous Masseuse. Misaki Soka [Uncensored L**ked]",https://pic.javct.net/poster/06032026/1773184434.jpg,https://javct.net/v/fns-167-rm,120,2026-03-13
JUL-559-RM,Exclusive Honoka Yonekura Is Getting Sweaty And Seriously Non-Stop Cumming!! Hard And Tight Sex - A Manly Housekeeper Consoles A Woman Mourning Her Failing Marriage With At-Home Adultery Sex - [Uncensored L**ked],https://static.javct.net/poster/jul-559.jpg,https://javct.net/v/jul-559-rm,115,2026-03-13
FSDSS-340-RM,The Convenience Store Boss No One Likes Caught Right in the Middle of a Circle Jerk...Gangbanged by All the Part Time Employees Until She Came Hard. [Uncensored L**ked],https://pic.javct.net/poster/20212011/1640234501.jpg,https://javct.net/v/fsdss-340-rm,124,2026-03-13
FNS-173-RM,Sensitive Pussy Is At Its Limit...! Cunnilingus Peeing School Beautiful Girl Rui Shinomiya [Uncensored L**ked],https://pic.javct.net/poster/06032026/1773095690.jpg,https://javct.net/v/fns-173-rm,130,2026-03-13
HNAMH-019-RM,Natsu Shibuya [Uncensored L**ked],https://pic.javct.net/poster/20252204/1747197838.jpg,https://javct.net/v/hnamh-019-rm,56,2026-03-13
JUX-352-RM,Violated In Our New Home - Completely Dominated In The 3 Days While Her Husband Was Away - Nana Aida [Uncensored L**ked],https://pic.javct.net/poster/20221202/1647866764.jpg,https://javct.net/v/jux-352-rm,117,2026-03-13
FSDSS-341-RM,"""The Rumors Are True That This Nurse Does Cum Control Too..."" Can't Experience This During A Normal Hospital Visit. Special Private Room At A Hospital Somewhere. Kaname Momojiri [Uncensored L**ked]",https://pic.javct.net/poster/20212011/1639025858.jpg,https://javct.net/v/fsdss-341-rm,124,2026-03-13
