page_url,image_url
https://jav.guru/791135/vnds-5227-virgin-eating-the-first-experience-with-an-excessively-lewd-beautiful-mature-woman/,https://cdn.javmiku.com/wp-content/uploads/2025/10/h_1664vnds5227pl-550x374.jpg
https://jav.guru/791136/vnds-3430-complete-subjectivity-look-use-me-as-your-side-dish-show-me-how-you-masturbate-right-in-front-of-me-the-pleasure-of-ejaculating-while-being-stared-at-by-beautiful-mature-women/,https://cdn.javmiku.com/wp-content/uploads/2025/10/h_1664vnds3430pl-550x374.jpg
https://jav.guru/791138/vdd-055-secretary-azumi-in-threatening-sweet-room/,https://cdn.javmiku.com/wp-content/uploads/2025/10/24vdd055pl-550x374.jpg
https://jav.guru/791139/vdd-037-teacher-saya-in-threatening-sweet-room/,https://cdn.javmiku.com/wp-content/uploads/2025/10/24vdd037pl-550x374.jpg
https://jav.guru/791140/srob-040-amateur-matching-ex-living-on-the-street-girls/,https://cdn.javmiku.com/wp-content/uploads/2025/10/srob040pl-550x374.jpg
https://jav.guru/791141/spz-1166-real-helper-mature-woman-recorded-hidden-camera-captures-the-erotic-situations-of-working-uniform-ladies/,https://cdn.javmiku.com/wp-content/uploads/2025/10/h_1664spz1166pl-550x374.jpg
https://jav.guru/791143/spz-1165-steamy-affair-couple-secretly-filmed-a-passionate-moaning-married-woman-for-180-minutes/,https://cdn.javmiku.com/wp-content/uploads/2025/10/h_1664spz1165pl-550x374.jpg
https://jav.guru/791144/spz-1164-the-secret-sensual-esthetic-salon-where-beautiful-mature-women-gather-from-fingertips-to-nipples-and-intimate-areas-married-women-melt-and-reach-ecstasy-with-intense-massages/,https://cdn.javmiku.com/wp-content/uploads/2025/10/h_1664spz1164pl-550x374.jpg
https://jav.guru/791146/skbk-013-fallen-for-a-black-cock-a-chubby-big-breasted-wife-with-pent-up-sexual-desire-during-a-sexless-marriage/,https://cdn.javmiku.com/wp-content/uploads/2025/10/h_687skbk013pl-550x374.jpg
https://jav.guru/791147/she-508-the-married-women-i-picked-up-were-incredibly-lewd-their-excitement-and-anticipation-made-them-wet-16-women-in-4-hours/,https://cdn.javmiku.com/wp-content/uploads/2025/10/59she508pl-550x374.jpg
https://jav.guru/791148/she-117-married-woman-pick-up-and-internal-ejaculation-part-18-azabu-juban-shopping-district-edition/,https://cdn.javmiku.com/wp-content/uploads/2025/10/59she117pl-550x374.jpg
https://jav.guru/791149/sdmu-179-sod-female-employees-first-event-inviting-users-to-the-beautiful-butt-female-employee-festival/,https://cdn.javmiku.com/wp-content/uploads/2025/10/1sdmu179pl-550x374.jpg
https://jav.guru/791151/sdms-826-the-acme-stand-is-coming-special-acme-form-featuring-tsukino-risa-and-misaki-risa/,https://cdn.javmiku.com/wp-content/uploads/2025/10/1sdms826pl-550x374.jpg
https://jav.guru/791152/sdms-685-this-is-the-ultimate-limit-of-exposure-in-the-streets-squirting-climax-on-a-bicycle-climax-form-4/,https://cdn.javmiku.com/wp-content/uploads/2025/10/1sdms685pl-550x374.jpg
https://jav.guru/791154/sadt-030-celebrity-bitchs-perverse-and-agonizing-training-reira/,https://cdn.javmiku.com/wp-content/uploads/2025/10/h_254sadt030pl-550x374.jpg
https://jav.guru/791155/saba-590-experience-working-in-the-adult-industry-a-curious-girl-in-a-tiny-bikini-gets-excited-by-a-hard-cock-facing-an-accident-during-a-soap-experience-with-a-naughty-swimsuit-and-lotion-leadin/,https://cdn.javmiku.com/wp-content/uploads/2025/10/h_244saba590pl-550x374.jpg
https://jav.guru/791156/pess-016-changing-room-a-womans-home-and-secretly-filming-a-married-womans-changing/,https://cdn.javmiku.com/wp-content/uploads/2025/10/h_1664pess016pl-550x374.jpg
https://jav.guru/791158/okk-101-miyazaki-rin-in-a-wet-and-shiny-tight-fitting-swimsuit-enjoying-the-cute-girls-in-competitive-swimwear-starting-with-changing-room-voyeurism-featuring-various-fetishes-and-fully-clothed-p/,https://cdn.javmiku.com/wp-content/uploads/2025/10/1okk101pl-550x374.jpg
https://jav.guru/791159/okb-180-otogoto-ruis-plump-beautiful-butt-in-a-divine-bloomers-video-featuring-cute-and-chubby-girls-in-tight-bloomers-and-gym-outfits-with-extreme-close-ups-and-various-fetish-scenes-for-bloome/,https://cdn.javmiku.com/wp-content/uploads/2025/10/1okb180pl-550x374.jpg
https://jav.guru/791160/ntrd-019-trture-ecstasy-x-enema-x-bat-insertion-with-ooba-yui/,https://cdn.javmiku.com/wp-content/uploads/2025/10/18ntrd019pl-550x374.jpg
https://jav.guru/791161/nsfs-009-taboo-under-one-roof-the-bride-forcefully-soaked-15-best-performances/,https://cdn.javmiku.com/wp-content/uploads/2025/10/nsfs009sopl-550x374.jpg
https://jav.guru/791163/nact-035-the-teasing-married-delivery-girl-ayana-rina-loves-young-and-cute-boys/,https://cdn.javmiku.com/wp-content/uploads/2025/10/h_237nact035pl-550x374.jpg
https://jav.guru/791164/nact-034-i-went-to-a-mens-esthetic-salon-and-unexpectedly-found-my-female-boss-there-role-reversal-i-turned-her-into-a-submissive-woman-morinaga-iroha/,https://cdn.javmiku.com/wp-content/uploads/2025/10/h_237nact034pl-550x374.jpg
https://jav.guru/791165/nact-033-awakening-of-a-submissive-married-woman-waka-ninomiya/,https://cdn.javmiku.com/wp-content/uploads/2025/10/h_237nact033pl-550x374.jpg
https://jav.guru/791166/nact-032-my-wife-is-my-neighbors-sex-friend-yurira/,https://cdn.javmiku.com/wp-content/uploads/2025/10/h_237nact032pl-550x374.jpg
https://jav.guru/791168/nact-031-please-watch-me-being-embraced-by-someone-else-in-a-cuckold-video-letter-yukishiro-miho/,https://cdn.javmiku.com/wp-content/uploads/2025/10/h_237nact031pl-550x374.jpg
https://jav.guru/791169/nact-029-pleasure-esthetic-room-i-experienced-pleasure-from-the-incredible-skills-of-a-creepy-old-man-futaba-sara/,https://cdn.javmiku.com/wp-content/uploads/2025/10/h_237nact029pl-550x374.jpg
https://jav.guru/791170/munj-020-bound-in-corrective-lingerie-enshiro-hitomi/,https://cdn.javmiku.com/wp-content/uploads/2025/10/munj020pl-550x374.jpg
https://jav.guru/791171/munj-018-let-me-introduce-my-mature-daughter-endou-shihori/,https://cdn.javmiku.com/wp-content/uploads/2025/10/munj018pl-550x374.jpg
https://jav.guru/791173/munj-017-the-teachers-sweet-lips-fukiishi-rena/,https://cdn.javmiku.com/wp-content/uploads/2025/10/munj017pl-550x374.jpg
https://jav.guru/791174/munj-016-the-virgin-boy-and-the-affair-with-internal-ejaculation-featuring-hara-chitose/,https://cdn.javmiku.com/wp-content/uploads/2025/10/munj016pl-550x374.jpg
https://jav.guru/791175/munj-015-let-me-introduce-my-older-daughter-kuroha-miri/,https://cdn.javmiku.com/wp-content/uploads/2025/10/munj015pl-550x374.jpg
https://jav.guru/791176/munj-013-a-mature-maid-who-wants-to-be-punished-by-her-master-during-a-business-trip-kamiya-akihi/,https://cdn.javmiku.com/wp-content/uploads/2025/10/munj013pl-550x374.jpg
https://jav.guru/791177/munj-012-introducing-my-mature-daughter-mutou-ayaka/,https://cdn.javmiku.com/wp-content/uploads/2025/10/munj012pl-550x374.jpg
https://jav.guru/791179/munj-011-getting-pregnant-at-a-fertility-clinic-usui-satomi/,https://cdn.javmiku.com/wp-content/uploads/2025/10/munj011pl-550x374.jpg
https://jav.guru/791180/munj-009-the-virgin-boy-and-the-affair-with-internal-ejaculation-sasaki-aki/,https://cdn.javmiku.com/wp-content/uploads/2025/10/munj009pl-550x374.jpg
https://jav.guru/791181/munj-008-the-classroom-with-a-female-pig-a-married-female-teacher-saegusa-chitose-who-fell-in-love-with-the-students-fresh-juices-and-was-soaked-in-semen/,https://cdn.javmiku.com/wp-content/uploads/2025/10/munj008pl-550x374.jpg
https://jav.guru/791182/munj-005-impregnated-at-the-infertility-treatment-clinic/,https://cdn.javmiku.com/wp-content/uploads/2025/10/munj005pl-550x374.jpg
https://jav.guru/791183/munj-003-tarachine-mikis-motherly-love-nozomi-mihon/,https://cdn.javmiku.com/wp-content/uploads/2025/10/munj003pl-550x374.jpg
https://jav.guru/791184/munj-002-impregnated-at-the-infertility-treatment-clinic-matsui-yuuko/,https://cdn.javmiku.com/wp-content/uploads/2025/10/munj002pl-550x374.jpg
https://jav.guru/791186/munj-001-i-want-to-be-violated-secretly-from-my-husband-inoue-ayako/,https://cdn.javmiku.com/wp-content/uploads/2025/10/munj001pl-550x374.jpg
https://jav.guru/791187/kir-075-an-inappropriate-daily-life-with-my-wifes-chld-my-stepfather-inserts-himself-into-her-tiny-145cm-body-saying-if-you-do-that-youll-get-pregnant-nishino-otone/,https://cdn.javmiku.com/wp-content/uploads/2025/10/h_1664kir075pl-550x374.jpg
https://jav.guru/791188/jul-438-i-discovered-true-pleasure-after-developing-my-portio-mochizuki-rumi/,https://cdn.javmiku.com/wp-content/uploads/2025/10/jul438pl-550x374.jpg
https://jav.guru/791189/jul-435-a-record-of-three-days-spent-in-my-hometown-forgetting-time-while-making-love-with-my-beloved-aunt-who-had-become-a-married-woman-natsuki-kaoru/,https://cdn.javmiku.com/wp-content/uploads/2025/10/jul435pl-550x374.jpg
https://jav.guru/791191/jul-392-celebration-50th-installment-of-the-series-my-mothers-friend-suzuno-hiroka/,https://cdn.javmiku.com/wp-content/uploads/2025/10/jul392pl-550x374.jpg
https://jav.guru/791192/jul-372-this-is-a-story-about-how-i-was-able-to-have-sex-with-my-strict-curvy-female-boss-after-being-sexually-harassed-by-her-instead-of-getting-scolded-ayano-yukari/,https://cdn.javmiku.com/wp-content/uploads/2025/10/jul372pl-550x374.jpg
https://jav.guru/791193/jul-368-hey-are-you-really-a-virgin-a-married-woman-continuously-seduced-by-a-virgin-scam-mochizuki-rumi/,https://cdn.javmiku.com/wp-content/uploads/2025/10/jul368pl-550x374.jpg
https://jav.guru/791195/jul-275-teasing-and-teasing-until-the-most-soaked-moment-then-inserting-during-a-slippery-affair-mito-kana/,https://cdn.javmiku.com/wp-content/uploads/2025/10/jul275pl-550x374.jpg
https://jav.guru/791196/jul-174-i-am-drenched-in-mistakes-brought-on-by-loneliness-a-sinful-sexual-encounter-that-drives-reason-to-madness-with-pleasure-and-passion-tomoda-maki/,https://cdn.javmiku.com/wp-content/uploads/2025/10/jul174pl-550x374.jpg
https://jav.guru/791197/jul-158-i-cant-tell-my-wife-that-i-ended-up-getting-my-mother-in-law-pregnant-during-a-1-night-2-day-hot-spring-trip-i-lost-myself-and-kept-going-inside-her-mito-kana/,https://cdn.javmiku.com/wp-content/uploads/2025/10/jul158pl-550x374.jpg
https://jav.guru/791198/jul-129-for-the-next-three-days-i-will-lend-my-wife-to-my-best-friend-amano-tsubaki/,https://cdn.javmiku.com/wp-content/uploads/2025/10/jul129pl-550x374.jpg
https://jav.guru/791200/jul-127-a-mother-in-law-who-cant-resist-the-urge-for-her-son-in-laws-huge-cock-all-day-long-invites-satozaki-aika/,https://cdn.javmiku.com/wp-content/uploads/2025/10/jul127pl-550x374.jpg
https://jav.guru/791201/jul-112-unexpectedly-sharing-a-room-with-my-admired-female-boss-at-a-business-hotel-during-a-work-trip-iwasa-mei/,https://cdn.javmiku.com/wp-content/uploads/2025/10/jul112pl-550x374.jpg
https://jav.guru/791202/jul-099-a-mother-in-law-who-cant-resist-wanting-her-son-in-laws-huge-cock-all-the-time-featuring-hitomi-ryou/,https://cdn.javmiku.com/wp-content/uploads/2025/10/jul099pl-550x374.jpg
https://jav.guru/791204/jul-096-starting-today-i-will-lend-my-wife-to-my-best-friend-for-three-days-houjou-maki/,https://cdn.javmiku.com/wp-content/uploads/2025/10/jul096pl-550x374.jpg
https://jav.guru/791205/jul-083-the-beautiful-mother-of-my-close-friend-succumbs-to-the-inexperienced-yet-strong-sex-of-a-younger-man-nishimura-arisa/,https://cdn.javmiku.com/wp-content/uploads/2025/10/jul083pl-550x374.jpg
https://jav.guru/791206/jul-079-exclusive-muteki-mature-beauty-from-madonna-secretly-and-intensely-writhing-if-you-can-love-someone-like-me-a-female-boss-drenched-in-the-pleasures-of-an-age-gap-affair-mochizuki-rumi/,https://cdn.javmiku.com/wp-content/uploads/2025/10/jul079pl-550x374.jpg
https://jav.guru/791208/jul-077-release-of-a-married-former-ballerina-three-intense-sessions-of-flexible-internal-ejaculation-kusakari-mio/,https://cdn.javmiku.com/wp-content/uploads/2025/10/jul077pl-550x374.jpg
https://jav.guru/791209/jmbd-012b-nun-nee-san-precious-time/,https://cdn.javmiku.com/wp-content/uploads/2025/10/JMBD-012B-550x374.jpg
https://jav.guru/791211/jmbd-011b-akane-kagurazaka-akane-chan-in-love/,https://cdn.javmiku.com/wp-content/uploads/2025/10/JMBD-011B-550x374.jpg
https://jav.guru/791212/jmbd-008b-chiaki-narumi-pretty-premium-2/,https://cdn.javmiku.com/wp-content/uploads/2025/10/JMBD-008B-550x374.jpg
https://jav.guru/791213/jmbd-007b-fuka-hoshino-pastel-gently-wrapped-up/,https://cdn.javmiku.com/wp-content/uploads/2025/10/JMBD-007B-550x374.jpg
https://jav.guru/791214/jmbd-006b-mei-nanase-pastel-one-summer-experience/,https://cdn.javmiku.com/wp-content/uploads/2025/10/JMBD-006B-550x374.jpg
https://jav.guru/791215/jmbd-005b-shiho-natsuki-pastel-summer-love-edition/,https://cdn.javmiku.com/wp-content/uploads/2025/10/JMBD-005B-550x374.jpg
https://jav.guru/791217/jmbd-004b-kotone-kuriyama-pretty-premium/,https://cdn.javmiku.com/wp-content/uploads/2025/10/JMBD-004B-550x374.jpg
https://jav.guru/791218/jmbd-003b-chiaki-narumi-pretty-premium/,https://cdn.javmiku.com/wp-content/uploads/2025/10/JMBD-003B-550x374.jpg
https://jav.guru/791219/jmbd-002b-nini-hold-me-tight-limit/,https://cdn.javmiku.com/wp-content/uploads/2025/10/JMBD-002B-550x374.jpg
https://jav.guru/791220/jmbd-001b-miu-fujita-platinum-venus/,https://cdn.javmiku.com/wp-content/uploads/2025/10/JMBD-001B-550x374.jpg
https://jav.guru/791222/jckl-195-seducing-a-tipsy-amateur-wife-bringing-her-to-the-room-for-immediate-sex-for-180-minutes/,https://cdn.javmiku.com/wp-content/uploads/2025/10/h_1664jckl195pl-550x374.jpg
https://jav.guru/791223/ipz-609-first-impression-88-rino-nakamura/,https://cdn.javmiku.com/wp-content/uploads/2025/10/ipz609pl-550x374.jpg
https://jav.guru/791224/ipz-608-deep-ecstasy-slow-sex-nozomi-mayu/,https://cdn.javmiku.com/wp-content/uploads/2025/10/ipz608pl-550x374.jpg
https://jav.guru/791225/ipz-605-himeno-kokoas-180-minute-exclusive-feature-four-premium-adult-scenes-plus-a-pin-up-salon/,https://cdn.javmiku.com/wp-content/uploads/2025/10/ipz605pl-550x374.jpg
https://jav.guru/791227/ipz-600-first-ideapocket-kinami-hina/,https://cdn.javmiku.com/wp-content/uploads/2025/10/ipz600pl-550x374.jpg
https://jav.guru/791228/ipz-595-sex-in-a-place-that-absolutely-must-not-be-discovered-nozomi-mayu/,https://cdn.javmiku.com/wp-content/uploads/2025/10/ipz595pl-550x374.jpg
https://jav.guru/791230/ipz-593-emergency-deployment-first-ideapocket-himeno-kokoa/,https://cdn.javmiku.com/wp-content/uploads/2025/10/ipz593pl-550x374.jpg
https://jav.guru/791231/ipz-586-for-now-should-i-suck-on-it-jumbo-breasts-chu-chu-and-lero-lero-with-hoshina-kirari/,https://cdn.javmiku.com/wp-content/uploads/2025/10/ipz586pl-550x374.jpg
https://jav.guru/791232/ipz-259-first-impression-75-aise-ririko/,https://cdn.javmiku.com/wp-content/uploads/2025/10/ipz259pl-550x374.jpg
https://jav.guru/791233/ipz-189-welcome-to-the-worlds-finest-soap-raina/,https://cdn.javmiku.com/wp-content/uploads/2025/10/ipz189pl-550x374.jpg
https://jav.guru/791235/ipz-100-intense-kisses-and-sex-with-satou-haruki/,https://cdn.javmiku.com/wp-content/uploads/2025/10/ipz100pl-550x374.jpg
https://jav.guru/791236/iene-900-i-wanted-to-insert-it-and-my-hips-are-twitching-with-a-womans-juices-the-penis-is-slippery-this-is-what-happened-when-a-high-school-girl-used-her-body-with-an-older-mans-penis-2/,https://cdn.javmiku.com/wp-content/uploads/2025/10/1iene900pl-550x374.jpg
https://jav.guru/791237/iene-896-ichinose-azusas-all-day-creampie-sex/,https://cdn.javmiku.com/wp-content/uploads/2025/10/1iene896pl-550x374.jpg
https://jav.guru/791238/iene-894-the-girl-i-called-from-the-delivery-health-service-was-so-sensitive-that-she-soaked-my-room-with-her-squirting-3/,https://cdn.javmiku.com/wp-content/uploads/2025/10/1iene894pl-550x374.jpg
https://jav.guru/791240/iene-587-a-lovey-dovey-couple-approached-on-the-street-takes-on-a-challenge-can-she-hit-her-boyfriends-penis-with-her-pussy/,https://cdn.javmiku.com/wp-content/uploads/2025/10/1iene587pl-550x374.jpg
https://jav.guru/791241/iene-585-the-married-sodg-office-worker-engages-in-an-affair-and-allows-for-intimate-encounters/,https://cdn.javmiku.com/wp-content/uploads/2025/10/1iene585pl-550x374.jpg
https://jav.guru/791242/iene-584-soaked-i-attacked-a-beautiful-woman-who-got-drenched-and-became-see-through-from-the-sudden-rain/,https://cdn.javmiku.com/wp-content/uploads/2025/10/1iene584pl-550x374.jpg
https://jav.guru/791243/iene-581-sodg-female-employees-new-recruit-training-in-the-public-relations-department-visit-general-users-homes-and-respond-to-their-naughty-requests/,https://cdn.javmiku.com/wp-content/uploads/2025/10/1iene581pl-550x374.jpg
https://jav.guru/791245/iene-580-a-former-rich-classmate-turned-delivery-girl-receives-five-internal-shots-without-being-pulled-out/,https://cdn.javmiku.com/wp-content/uploads/2025/10/1iene580pl-550x374.jpg
https://jav.guru/791246/iene-576-aisaki-enas-erotic-lingerie-set/,https://cdn.javmiku.com/wp-content/uploads/2025/10/1iene576pl-550x374.jpg
https://jav.guru/791247/iene-464-a-young-ladys-experience-washing-her-body-with-slippery-bubbles-in-a-mixed-gender-outdoor-bath-3/,https://cdn.javmiku.com/wp-content/uploads/2025/10/1iene464pl-550x374.jpg
https://jav.guru/791249/iene-462-abnormal-confinement-noma-anna/,https://cdn.javmiku.com/wp-content/uploads/2025/10/1iene462pl-550x374.jpg
https://jav.guru/791250/iene-461-mens-esthetic-treatment-that-shows-off-panties/,https://cdn.javmiku.com/wp-content/uploads/2025/10/1iene461pl-550x374.jpg
https://jav.guru/791251/iene-459-while-i-was-having-a-dry-humping-session-with-my-caring-senior-who-felt-sorry-for-me-we-both-got-too-excited-and-ended-up-with-slippery-penetration/,https://cdn.javmiku.com/wp-content/uploads/2025/10/1iene459pl-550x374.jpg
https://jav.guru/791252/iene-458-excitement-over-a-familiar-older-sisters-no-bra-big-breasts-peeking-out-as-she-casually-goes-out-in-her-loungewear-thinking-its-just-nearby/,https://cdn.javmiku.com/wp-content/uploads/2025/10/1iene458pl-550x374.jpg
https://jav.guru/791253/iene-457-would-you-like-to-experience-a-dry-humping-session-with-a-young-lady-separated-by-a-single-layer/,https://cdn.javmiku.com/wp-content/uploads/2025/10/1iene457pl-550x374.jpg
https://jav.guru/791254/iene-452-would-you-like-to-deep-kiss-your-younger-brother-through-a-single-layer-of-wrap-my-dear-amateur-lady/,https://cdn.javmiku.com/wp-content/uploads/2025/10/1iene452pl-550x374.jpg
https://jav.guru/791255/iene-451-the-amazing-techniques-of-kawana-misuzu-in-a-brothel-where-you-wont-leave-until-you-ejaculate-10-times/,https://cdn.javmiku.com/wp-content/uploads/2025/10/1iene451pl-550x374.jpg
https://jav.guru/791256/iene-448-little-sister-esthetician-specializing-in-ro%e2%97%8fta-play/,https://cdn.javmiku.com/wp-content/uploads/2025/10/1iene448pl-550x374.jpg
https://jav.guru/791257/iene-447-is-it-okay-to-go-all-the-way-if-shes-pregnant-i-secretly-had-raw-sex-with-my-best-friends-wife-without-telling-her-husband/,https://cdn.javmiku.com/wp-content/uploads/2025/10/1iene447pl-550x374.jpg
https://jav.guru/791258/iene-446-when-an-ordinary-person-used-an-18cm-mega-cock-for-a-frottage-it-turned-into-something-so-lewd-4/,https://cdn.javmiku.com/wp-content/uploads/2025/10/1iene446pl-550x374.jpg
https://jav.guru/791259/iene-445-i-got-aroused-by-the-sight-of-a-flat-chested-girls-peek-a-boo-nipples-while-we-were-alone-together-at-home/,https://cdn.javmiku.com/wp-content/uploads/2025/10/1iene445pl-550x374.jpg
https://jav.guru/791260/iene-444-an-unexpected-sudden-loss-of-virginity-during-a-mixed-bathing-family-trip-to-a-hot-spring-i-desperately-tried-to-hide-my-foreskin-but-ended-up-fully-erect-with-my-mother-and-sister-naked/,https://cdn.javmiku.com/wp-content/uploads/2025/10/1iene444pl-550x374.jpg
https://jav.guru/791261/iene-443-a-young-lady-changes-into-a-swimsuit-and-participates-slippery-bubble-soap-experience-7/,https://cdn.javmiku.com/wp-content/uploads/2025/10/1iene443pl-550x374.jpg
https://jav.guru/791262/iene-442-we-thoroughly-indulged-in-mochizuki-runa-until-she-explosively-climaxed-with-her-instincts-fully-unleashed/,https://cdn.javmiku.com/wp-content/uploads/2025/10/1iene442pl-550x374.jpg
https://jav.guru/791263/hodv-21138-short-haired-beautiful-girls-4-hours/,https://cdn.javmiku.com/wp-content/uploads/2025/10/41hodv21138pl-550x374.jpg
https://jav.guru/791264/hodv-21084-my-beloved-gokkun-idol-a-cute-girls-outrageous-nebasupe-and-thick-juice-gokkun-with-abeno-miku/,https://cdn.javmiku.com/wp-content/uploads/2025/10/41hodv21084pl-550x374.jpg
https://jav.guru/791265/hodv-21003-lesbians-a-pair-of-cute-girls-with-short-hair-suddenly-experience-lesbianism-featuring-minato-riku-and-abeno-miku/,https://cdn.javmiku.com/wp-content/uploads/2025/10/41hodv21003pl-550x374.jpg
https://jav.guru/791266/hodv-20704-relentlessly-frced-in-my-sister-is-violated-shinohara-an/,https://cdn.javmiku.com/wp-content/uploads/2025/10/41hodv20704pl-550x374.jpg
https://jav.guru/791267/hnds-023-uterus-rental-recent-schoolgirls-in-compensated-dating-are-not-interested-in-internal-ejaculation-abeno-miku-kawana-misuzu/,https://cdn.javmiku.com/wp-content/uploads/2025/10/hnds023pl-550x374.jpg
https://jav.guru/791268/hnd-173-miku-abenos-creampie-experience/,https://cdn.javmiku.com/wp-content/uploads/2025/10/hnd173pl-550x374.jpg
https://jav.guru/791269/hnd-118-two-beautiful-girls-in-a-reverse-3p-hot-spring-experience-with-abeno-miku-and-aoi-koharu/,https://cdn.javmiku.com/wp-content/uploads/2025/10/hnd118pl-550x374.jpg
https://jav.guru/791270/hnd-098-i-made-a-beautiful-shop-assistant-i-found-in-the-city-debut-with-a-real-internal-release/,https://cdn.javmiku.com/wp-content/uploads/2025/10/hnd098pl-550x374.jpg
https://jav.guru/791271/hnbr-004-the-widow-is-violated-in-front-of-her-husbands-portrait-reaching-a-forbidden-climax-unable-to-repay-debts-she-offers-her-body-to-creditors-and-pleads-for-internal-release-starring-kub/,https://cdn.javmiku.com/wp-content/uploads/2025/10/h_1664hnbr004pl-550x374.jpg
https://jav.guru/791274/hjmo-416-best-friend-showdown-if-you-dont-shake-your-hips-with-a-fixed-dildo-1000-times-you-cant-go-home-5/,https://cdn.javmiku.com/wp-content/uploads/2025/10/hjmo416pl-550x374.jpg
https://jav.guru/791276/hitma-282-a-gathering-of-actresses-who-love-tma-cosplay-the-first-cosplay-meetup-turns-into-a-big-orgy/,https://cdn.javmiku.com/wp-content/uploads/2025/10/55hitma282pl-550x374.jpg
https://jav.guru/791277/hitma-281-pure-love%e2%98%86sister-idol-marshmallow-3d-idol-orgy-we-want-to-have-sex-with-our-big-brothers-hd/,https://cdn.javmiku.com/wp-content/uploads/2025/10/55hitma281pl-550x374.jpg
https://jav.guru/791278/hez-204-the-innkeeper-attacked-while-sleeping-a-mature-woman-succumbs-to-pleasure-with-a-deep-ejaculation/,https://cdn.javmiku.com/wp-content/uploads/2025/10/59hez204pl-550x374.jpg
https://jav.guru/791280/hery-075-my-young-husband-cant-handle-it-a-netorare-wife-driven-crazy-by-our-persistent-teasing-as-middle-aged-men-featuring-ayanami-mako/,https://cdn.javmiku.com/wp-content/uploads/2025/10/hery075pl-550x374.jpg
https://jav.guru/791281/hdka-325-naked-housekeeper-introduction-of-a-fully-nude-housekeeper-haruna-noa/,https://cdn.javmiku.com/wp-content/uploads/2025/10/h_237hdka325pl-550x374.jpg
https://jav.guru/791282/hbad-122-tall-tsundere-young-wife-and-her-brother-in-laws-meat-stick-in-an-incestuous-affair/,https://cdn.javmiku.com/wp-content/uploads/2025/10/1hbad122pl-550x374.jpg
https://jav.guru/791283/hav-d933-married-sister-lesbian-intense-kissing-and-immoral-acts-between-women/,https://cdn.javmiku.com/wp-content/uploads/2025/10/1havd933pl-550x374.jpg
https://jav.guru/791285/embm-044-amateur-wife-who-pleads-for-a-creampie-while-moaning-with-a-face-she-has-never-shown-her-husband-featuring-ichikawa-natsuki/,https://cdn.javmiku.com/wp-content/uploads/2025/10/h_1650embm044pl-550x374.jpg
https://jav.guru/791287/btha-107-best-8-sexy-actresses-in-hair-nude-8-peaks-of-unfiltered-pleasure-permanent-preservation-edition-with-panties-included/,https://cdn.javmiku.com/wp-content/uploads/2025/10/n_863btha107pl-550x374.jpg
https://jav.guru/791288/ambs-087-a-compilation-of-subjective-h-scenes-featuring-12-ultra-beautiful-girls/,https://cdn.javmiku.com/wp-content/uploads/2025/10/h_237ambs087pl-550x374.jpg
https://jav.guru/792282/namh-045-uncut-genuine-internal-ejaculation-41-shots-%ce%b1-massive-semen-injection-documentary-isumi-rion-uruki-sara/,https://cdn.javmiku.com/wp-content/uploads/2025/10/1namh045pl-550x374.jpg
https://jav.guru/792283/kv-301-everyones-raw-internal-cum-treatment-contamination-1-kohaku-yaya/,https://cdn.javmiku.com/wp-content/uploads/2025/10/h_955kv301pl-550x374.jpg
https://jav.guru/792544/tsds-42812-chino-umino-your-home/,https://cdn.javmiku.com/wp-content/uploads/2025/10/TSDS-42812-550x374.jpg
https://jav.guru/792545/tsds-42808-moeka-sasaki-close-love-with-moeka/,https://cdn.javmiku.com/wp-content/uploads/2025/10/TSDS-42808-550x374.jpg
https://jav.guru/792546/tsds-42802-shirahama-sachi-ive-become-a-good-boy/,https://cdn.javmiku.com/wp-content/uploads/2025/10/TSDS-42802-550x374.jpg
https://jav.guru/792548/tsds-42800-noumi-mana-rival-is-mochi/,https://cdn.javmiku.com/wp-content/uploads/2025/10/TSDS-42800-550x374.jpg
https://jav.guru/792549/tsds-42775-reika-asakura-pure-smile/,https://cdn.javmiku.com/wp-content/uploads/2025/10/TSDS-42775-550x374.jpg
https://jav.guru/792551/tsds-42774-marin-seto-milky-glamour/,https://cdn.javmiku.com/wp-content/uploads/2025/10/TSDS-42774-550x374.jpg
https://jav.guru/792552/tsds-42772-quji-fay-the-witchs-joy/,https://cdn.javmiku.com/wp-content/uploads/2025/10/TSDS-42772-550x374.jpg
https://jav.guru/792554/tsds-42757-miran-takizawa-milky-glamour/,https://cdn.javmiku.com/wp-content/uploads/2025/10/TSDS-42757-550x374.jpg
https://jav.guru/792555/tsds-42730-mimi-kinami-listen-carefully/,https://cdn.javmiku.com/wp-content/uploads/2025/10/TSDS-42730-550x374.jpg
https://jav.guru/792557/tsds-42726-memo-ooba-milky-glamour/,https://cdn.javmiku.com/wp-content/uploads/2025/10/TSDS-42726-550x374.jpg
https://jav.guru/792558/tsds-42677-moe-mikami-from-nurse-to-idol/,https://cdn.javmiku.com/wp-content/uploads/2025/10/TSDS-42677-550x374.jpg
https://jav.guru/792559/tsds-42661-moeka-arai-its-a-miracle-that-we-met/,https://cdn.javmiku.com/wp-content/uploads/2025/10/TSDS-42661-550x374.jpg
https://jav.guru/792561/tsds-42571-marimo-kusaka-marine/,https://cdn.javmiku.com/wp-content/uploads/2025/10/TSDS-42571-550x374.jpg
https://jav.guru/792562/tsds-42506-shieri-kurasawa-real-face/,https://cdn.javmiku.com/wp-content/uploads/2025/10/TSDS-42506-550x374.jpg
https://jav.guru/792564/tsds-42505-oikawa-rei-can-i-come-into-a-gravure-idols-house/,https://cdn.javmiku.com/wp-content/uploads/2025/10/TSDS-42505-550x374.jpg
https://jav.guru/792565/tsds-42463-kaede-yamagishi-milky-glamour/,https://cdn.javmiku.com/wp-content/uploads/2025/10/TSDS-42463-550x374.jpg
https://jav.guru/792567/tsds-42433-hinata-aoi-aoi/,https://cdn.javmiku.com/wp-content/uploads/2025/10/TSDS-42433-550x374.jpg
https://jav.guru/792568/tsds-42408-hitomi-furusaki-into-your-eyes/,https://cdn.javmiku.com/wp-content/uploads/2025/10/TSDS-42408-550x374.jpg
https://jav.guru/792570/tsbs-81172-moka-hayashida-moka-diary/,https://cdn.javmiku.com/wp-content/uploads/2025/10/TSBS-81172-550x374.jpg
https://jav.guru/792571/tsbs-81031-marina-nagasawa-pure-smile/,https://cdn.javmiku.com/wp-content/uploads/2025/10/TSBS-81031-550x374.jpg
https://jav.guru/792573/tmrd-1319-mature-women-with-their-legs-wide-open-erotic-drama-featuring-six-women-for-four-hours-thats-dirty-so-no/,https://cdn.javmiku.com/wp-content/uploads/2025/10/149tmrd1319pl-550x374.jpg
https://jav.guru/792574/tmrd-1317-mature-wife-drama-a-poor-wife-working-in-a-factory-offers-her-ripe-body-as-collateral-for-debt-the-father-becomes-aroused-by-his-pure-sons-teacher/,https://cdn.javmiku.com/wp-content/uploads/2025/10/149tmrd1317pl-550x374.jpg
https://jav.guru/792575/tmrd-1316-mature-woman-in-a-lewd-afternoon-taken-by-her-husbands-younger-brother-a-disheveled-fifty-year-old-wife-and-a-pure-hearted-wife-who-screams-in-ecstasy-while-being-massaged-by-her-boss/,https://cdn.javmiku.com/wp-content/uploads/2025/10/149tmrd1316pl-550x374.jpg
https://jav.guru/792576/tchb-052-closet-style-adult-service-the-legendary-shop-with-the-best-cost-performance-and-real-reviews-ranked-number-one/,https://cdn.javmiku.com/wp-content/uploads/2025/10/tchb052pl-550x374.jpg
https://jav.guru/792577/svcao-022-jiggly-divine-breasts-2-squeezing-soft-skin-and-even-nipple-toys-a-new-graduate-office-lady-cant-resist-cumming-after-hours-of-pleasure/,https://cdn.javmiku.com/wp-content/uploads/2025/10/1svcao022pl-550x374.jpg
https://jav.guru/792578/start-448-my-plain-glasses-wearing-junior-colleague-is-a-secret-pervert-after-one-playful-encounter-she-transformed-and-used-her-skills-from-erotic-manga-to-make-me-climax-multiple-times/,https://cdn.javmiku.com/wp-content/uploads/2025/10/1start448pl-550x374.jpg
https://jav.guru/792580/start-441-a-superb-body-soaked-in-bodily-fluids-and-climaxing-in-pleasure-5corner-tenjin-ugoromo-tasting-and-enjoying-all-the-heavenly-juices-including-sweat-squirt-and-drool/,https://cdn.javmiku.com/wp-content/uploads/2025/10/1start441pl-550x374.jpg
https://jav.guru/792581/start-440-i-made-the-annoying-female-teacher-of-the-swimming-club-submit-to-me-with-a-wild-sex-session-and-i-posted-her-apology-on-the-school-bulletin-ending-her-life-game-natsume-hibiki/,https://cdn.javmiku.com/wp-content/uploads/2025/10/1start440pl-550x374.jpg
https://jav.guru/792583/start-437-just-a-thousand-yen-for-an-incredible-experience-a-close-look-at-the-popular-instant-oral-service-bar-known-for-its-quick-and-affordable-offerings-featuring-tadai-mahiro/,https://cdn.javmiku.com/wp-content/uploads/2025/10/1start437pl-550x374.jpg
https://jav.guru/792584/start-422-ejaculation-dependency-improvement-treatment-center-new-medical-worker-m-pseudonym-supports-a-man-suffering-from-abnormal-sexual-desire-featuring-miyajima-mei/,https://cdn.javmiku.com/wp-content/uploads/2025/10/1start422pl-550x374.jpg
https://jav.guru/792586/ss-112b-amateur-sailor-uniform-live-insertion-revised-112-miho-nana/,https://cdn.javmiku.com/wp-content/uploads/2025/10/n_1428ss112bpl-550x374.jpg
https://jav.guru/792587/ss-111b-amateur-sailor-uniform-live-cum-shot-revised-111-kokona/,https://cdn.javmiku.com/wp-content/uploads/2025/10/n_1428ss111bpl-550x374.jpg
https://jav.guru/792589/ss-107b-amateur-sailor-uniform-live-insertion-revised-107-miori/,https://cdn.javmiku.com/wp-content/uploads/2025/10/n_1428ss107bpl-550x374.jpg
https://jav.guru/792590/ss-105b-amateur-sailor-uniform-live-creampie-revised-105/,https://cdn.javmiku.com/wp-content/uploads/2025/10/n_1428ss105bpl-550x374.jpg
https://jav.guru/792592/ss-103b-amateur-sailor-uniform-live-creampie-revised-103/,https://cdn.javmiku.com/wp-content/uploads/2025/10/n_1428ss103bpl-550x374.jpg
https://jav.guru/792593/ss-083b-amateur-sailor-uniform-live-insertion-revised-083/,https://cdn.javmiku.com/wp-content/uploads/2025/10/n_1428ss083bpl-550x374.jpg
https://jav.guru/792595/ss-028b-amateur-sailor-uniform-live-insertion-028/,https://cdn.javmiku.com/wp-content/uploads/2025/10/n_1428ss028bpl-550x374.jpg
https://jav.guru/792596/spz-1166-real-helper-mature-woman-recorded-hidden-camera-of-the-erotic-circumstances-of-working-uniform-aunties/,https://cdn.javmiku.com/wp-content/uploads/2025/10/h_1664spz1166pl-550x374.jpg
https://jav.guru/792597/spz-1164-the-secret-sensual-esthetic-salon-where-beautiful-mature-women-rumored-in-word-of-mouth-gather-2-from-fingertips-to-nipples-and-intimate-areas-married-women-melt-and-climax-with-a/,https://cdn.javmiku.com/wp-content/uploads/2025/10/h_1664spz1164pl-550x374.jpg
https://jav.guru/792599/spse-16-submissive-heroine-fontaine-and-the-secret-club-kiyomi-reno/,https://cdn.javmiku.com/wp-content/uploads/2025/10/h_173spse16pl-550x374.jpg
https://jav.guru/792601/spse-15-transformation-into-a-promiscuous-woman-heroine-before-and-after-sailor-sylphid-tachibana-kyouka/,https://cdn.javmiku.com/wp-content/uploads/2025/10/h_173spse15pl-550x374.jpg
https://jav.guru/792602/spse-14-beautiful-warrior-claudia-the-right-side-swallowing-the-giant-lustful-beast-claudia-mashiro-fuwari/,https://cdn.javmiku.com/wp-content/uploads/2025/10/h_173spse14pl-550x374.jpg
https://jav.guru/792603/spse-13-new-inspector-episode-5-otogoto-rui/,https://cdn.javmiku.com/wp-content/uploads/2025/10/h_173spse13pl-550x374.jpg
https://jav.guru/792604/spse-12-heroine-cultivation-beautiful-warrior-sailor-meene-misumi-rei/,https://cdn.javmiku.com/wp-content/uploads/2025/10/h_173spse12pl-550x374.jpg
https://jav.guru/792605/spse-11-beautiful-warrior-claudia-the-left-chapter-the-mad-fall-of-the-evil-hunter-mashiro-fuwari/,https://cdn.javmiku.com/wp-content/uploads/2025/10/h_173spse11pl-550x374.jpg
https://jav.guru/792606/spse-10-glamorous-mask-the-most-dangerous-assassin-appears-a-beautiful-body-falls-into-the-trap-of-devastation-and-pleasure/,https://cdn.javmiku.com/wp-content/uploads/2025/10/h_173spse10pl-550x374.jpg
https://jav.guru/792607/spsd-88-heroine-in-peril-endless-fighting-dance-princess-yui-onodera-mai/,https://cdn.javmiku.com/wp-content/uploads/2025/10/h_173spsd88pl-550x374.jpg
https://jav.guru/792610/sihb-033-forbidden-fertilization-between-mother-and-son-two-disc-set/,https://cdn.javmiku.com/wp-content/uploads/2025/10/h_1664sihb033pl-550x374.jpg
https://jav.guru/792611/sgki-068-time-stopping-and-frced-mating-with-a-woman-during-a-sentai-hero-show-transforming-her-into-a-love-doll-at-will/,https://cdn.javmiku.com/wp-content/uploads/2025/10/1sgki068pl-550x374.jpg
https://jav.guru/792613/sdnm-515-49-years-old-the-last-spring-of-my-life-a-178cm-tall-model-worthy-housewife-av-debut-sanae-kurihara/,https://cdn.javmiku.com/wp-content/uploads/2025/10/1sdnm515pl-550x374.jpg
https://jav.guru/792614/sdmm-212-the-magic-mirror-van-absolutely-no-pleasure-a-tickle-endurance-game-with-a-30cm-mirror-teasing-and-teasing-sexually-with-a-skilled-av-actor/,https://cdn.javmiku.com/wp-content/uploads/2025/10/1sdmm212pl-550x374.jpg
https://jav.guru/792616/sdjs-336-what-happens-if-you-spray-15000ml-of-enema-an-sod-female-employee-seriously-undertakes-anal-sex-atom-practical-research-sod-sex-science-lab-report-22-motomura-motoko/,https://cdn.javmiku.com/wp-content/uploads/2025/10/1sdjs336pl-550x374.jpg
https://jav.guru/792617/sdab-340-18-year-old-av-debut-a-petite-girl-with-troublesome-eyes-wants-to-lose-her-virginity-shed-indulge-in-erotic-fantasies-every-day-while-riding-her-bike-for-an-hour-and-a-half-nene-terak/,https://cdn.javmiku.com/wp-content/uploads/2025/10/1sdab340pl-550x374.jpg
https://jav.guru/792618/pess-016-changing-room-a-housewifes-hidden-dressing-footage-two-disc-set/,https://cdn.javmiku.com/wp-content/uploads/2025/10/h_1664pess016pl-550x374.jpg
https://jav.guru/792620/okk-101-miyazaki-rins-wet-and-shiny-tight-fitting-competitive-swimwear-enjoy-the-cute-girls-competitive-swimwear-look-with-close-ups-of-various-fetishes-and-fully-clothed-lotion-play-and-swimw/,https://cdn.javmiku.com/wp-content/uploads/2025/10/1okk101pl-550x374.jpg
https://jav.guru/792622/mxgs-998-no-matter-how-tightly-bound-the-beautiful-girl-asakura-nagi-offers-her-pussy-and-is-repeatedly-filled-with-raw-cum-during-bondage/,https://cdn.javmiku.com/wp-content/uploads/2025/10/h_068mxgs998pl-550x374.jpg
https://jav.guru/792623/mxgs-993-newcomer-hoshimiya-minami-a-glamorous-body-with-a-tall-h-cup-bust-sudden-genuine-internal-ejaculation-and-debut-in-a-virgin-anal-penetration-av/,https://cdn.javmiku.com/wp-content/uploads/2025/10/h_068mxgs993pl-550x374.jpg
https://jav.guru/792624/mxgs-991-one-room-confinement-training-with-kawase-nana/,https://cdn.javmiku.com/wp-content/uploads/2025/10/h_068mxgs991pl-550x374.jpg
https://jav.guru/792626/mxgs-990-premium-adult-entertainment-vip-full-course-with-ase-ruka-in-saki-no-hana/,https://cdn.javmiku.com/wp-content/uploads/2025/10/h_068mxgs990pl-550x374.jpg
https://jav.guru/792628/mxgs-989-after-school-a-female-student-in-uniform-has-multiple-creampie-sex-sessions-as-part-of-her-secret-job-starring-momozono-mirai/,https://cdn.javmiku.com/wp-content/uploads/2025/10/h_068mxgs989pl-550x374.jpg
https://jav.guru/792629/mxgs-988-gokkun-release-hinata-saeka/,https://cdn.javmiku.com/wp-content/uploads/2025/10/h_068mxgs988pl-550x374.jpg
https://jav.guru/792630/mxgs-987-beautiful-cabin-attendant-yume-kana-thoroughly-violated-in-the-throat-with-irrumatio/,https://cdn.javmiku.com/wp-content/uploads/2025/10/h_068mxgs987pl-550x374.jpg
https://jav.guru/792632/mxgs-982-beautiful-girl-arousal-sex-four-performances-with-ase-ruka/,https://cdn.javmiku.com/wp-content/uploads/2025/10/h_068mxgs982pl-550x374.jpg
https://jav.guru/792633/mxgs-981-the-riding-nurse-momozono-mirai-makes-him-cum-inside-her-while-in-the-cowgirl-position/,https://cdn.javmiku.com/wp-content/uploads/2025/10/h_068mxgs981pl-550x374.jpg
https://jav.guru/792634/mxgs-944-a-bisexual-housewife-secretly-applies-for-adult-videos-experiences-creampie-with-a-man-other-than-her-husband-and-has-lesbian-sex-with-a-woman-she-just-met-featuring-the-perverse-housewi/,https://cdn.javmiku.com/wp-content/uploads/2025/10/h_068mxgs944pl-550x374.jpg
https://jav.guru/792635/mxgs-942-intense-intertwining-of-instinctual-pleasure-with-four-climactic-scenes-featuring-kamiya-ruri/,https://cdn.javmiku.com/wp-content/uploads/2025/10/h_068mxgs942pl-550x374.jpg
https://jav.guru/792636/mxgs-940-premium-adult-entertainment-vip-full-course-with-hinata-saeka/,https://cdn.javmiku.com/wp-content/uploads/2025/10/h_068mxgs940pl-550x374.jpg
https://jav.guru/792637/mxgs-938-supreme-pegging-anal-male-assault-with-yoshizawa-akiho/,https://cdn.javmiku.com/wp-content/uploads/2025/10/h_068mxgs938pl-550x374.jpg
https://jav.guru/792638/mxgs-937-newcomer-kamiya-ruri-overcoming-a-scandal-with-a-certain-professional-baseball-player-the-shocking-av-debut-of-a-former-exclusive-model-for-a-popular-gal-magazine/,https://cdn.javmiku.com/wp-content/uploads/2025/10/h_068mxgs937pl-550x374.jpg
https://jav.guru/792640/mxgs-936-beautiful-office-ladys-lewd-commuting-bus-with-hatano-yui/,https://cdn.javmiku.com/wp-content/uploads/2025/10/h_068mxgs936pl-550x374.jpg
https://jav.guru/792641/mxgs-935-g-cup-strong-pressure-a-high-level-paizuri-service-from-the-big-breasted-older-sister-hanaoka-kana/,https://cdn.javmiku.com/wp-content/uploads/2025/10/h_068mxgs935pl-550x374.jpg
https://jav.guru/792643/mxgs-933-tempting-instructors-naughty-private-lesson-with-hinata-saeka/,https://cdn.javmiku.com/wp-content/uploads/2025/10/h_068mxgs933pl-550x374.jpg
https://jav.guru/792644/mxgs-931-akiho-yoshizawas-massive-lotion-fuck/,https://cdn.javmiku.com/wp-content/uploads/2025/10/h_068mxgs931pl-550x374.jpg
https://jav.guru/792646/mxgs-930-newcomer-hanaoka-kana-av-debut-of-a-beautiful-big-breasted-g-cup-older-sister-working-at-a-famous-maid-cafe-in-akiba/,https://cdn.javmiku.com/wp-content/uploads/2025/10/h_068mxgs930pl-550x374.jpg
https://jav.guru/792647/mxgs-927-i-want-to-climax-but-cant-a-stopping-point-leading-to-the-destruction-of-my-vagina-featuring-hinata-saeka/,https://cdn.javmiku.com/wp-content/uploads/2025/10/h_068mxgs927pl-550x374.jpg
https://jav.guru/792648/mxgs-926-premium-adult-services-vip-full-course-with-ootsuki-hibiki/,https://cdn.javmiku.com/wp-content/uploads/2025/10/h_068mxgs926pl-550x374.jpg
https://jav.guru/792650/mxgs-925-submission-request-aoyama-hana/,https://cdn.javmiku.com/wp-content/uploads/2025/10/h_068mxgs925pl-550x374.jpg
https://jav.guru/792651/mi-001-the-groin-of-my-wife-who-became-a-widow-was-as-hot-as-a-blazing-fire-starring-miyachi-nana/,https://cdn.javmiku.com/wp-content/uploads/2025/10/33mi001pl-550x374.jpg
https://jav.guru/792656/mane-035-complete-m-man-swimming-life-a-sadistic-i-cup-exquisite-body-with-rinne-touka/,https://cdn.javmiku.com/wp-content/uploads/2025/10/1mane035pl-550x374.jpg
https://jav.guru/792658/mama-297-divorced-and-out-of-touch-the-private-parts-open-up-quickly/,https://cdn.javmiku.com/wp-content/uploads/2025/10/49mama297pl-550x374.jpg
https://jav.guru/792659/maj-1001-brutal-men-are-violated-women-are-violated-too-ill-show-your-semen-to-your-wife-a-woman-who-sucks-your-cock-and-licks-your-pussy-enshiro-hitomi-and-kondou-ikumi/,https://cdn.javmiku.com/wp-content/uploads/2025/10/h_606maj1001pl-550x374.jpg
https://jav.guru/792660/mad-157-female-body-agonizing-experiment-ward-4/,https://cdn.javmiku.com/wp-content/uploads/2025/10/h_286mad157pl-550x374.jpg
https://jav.guru/792662/mad-055-digital-cokan-kawaii-yui/,https://cdn.javmiku.com/wp-content/uploads/2025/10/83mad055pl-550x374.jpg
https://jav.guru/792663/mab-013-juicy-climax-with-beautiful-jogger-jinguuji-nao-getting-pregnant/,https://cdn.javmiku.com/wp-content/uploads/2025/10/442mab013pl-550x374.jpg
https://jav.guru/792664/kk-043-my-super-busty-niece-nishina-momoka-confidently-shows-her-grown-body-to-her-uncle-whom-she-hasnt-seen-in-years-and-suggests-lets-take-a-bath-together-like-we-used-to/,https://cdn.javmiku.com/wp-content/uploads/2025/10/13kk043pl-550x374.jpg
https://jav.guru/792665/kil-037-i-asked-an-innocent-schoolgirl-to-watch-me-masturbate-and-she-became-very-interested-in-my-growing-penis/,https://cdn.javmiku.com/wp-content/uploads/2025/10/118kil037pl-550x374.jpg
https://jav.guru/792666/kifd-016-kira%e2%98%86kira-festival-amateur-gal%e2%98%86submission-rumi/,https://cdn.javmiku.com/wp-content/uploads/2025/10/kifd016pl-550x374.jpg
https://jav.guru/792667/jyaz-009-sensual-big-butt-dildo-masturbation/,https://cdn.javmiku.com/wp-content/uploads/2025/10/29jyaz009pl-550x374.jpg
https://jav.guru/792668/jibf-118-spring-breeze-haruna-sakura/,https://cdn.javmiku.com/wp-content/uploads/2025/10/n_707jibf118pl-550x374.jpg
https://jav.guru/792669/jckl-191-quick-pickup-i-want-to-see-beautiful-women-please-show-me-whats-inside-those-sweaty-underwear-sister/,https://cdn.javmiku.com/wp-content/uploads/2025/10/h_254jckl191pl-550x374.jpg
https://jav.guru/792670/id-24020-a-gathering-of-actresses-who-love-tma-cosplay-the-first-cosplay-meetup-turns-into-a-big-orgy/,https://cdn.javmiku.com/wp-content/uploads/2025/10/55id24020pl-550x374.jpg
https://jav.guru/792672/id-23049-pure-love%e2%98%86sister-idols-marshmallow-3d-idol-orgy-we-want-to-have-sex-with-our-big-brothers/,https://cdn.javmiku.com/wp-content/uploads/2025/10/55id23049pl-550x374.jpg
https://jav.guru/792673/hzgd-111-a-seemingly-plain-and-serious-literary-housewifes-extreme-transformation-into-a-perverse-sexual-frenzy-starring-abeno-miku/,https://cdn.javmiku.com/wp-content/uploads/2025/10/h_1100hzgd111pl-550x374.jpg
https://jav.guru/792675/htd-002-wife-collection-infidelity-edition/,https://cdn.javmiku.com/wp-content/uploads/2025/10/24htd002pl-550x374.jpg
https://jav.guru/792676/hsm-055-complete-filming-intense-real-sex-new-half-cross-dressing-boys-and-male-daughters-health-hime-dot-love-5th-anniversary/,https://cdn.javmiku.com/wp-content/uploads/2025/10/h_458hsm055pl-550x374.jpg
https://jav.guru/792678/hrrb-006-serious-intercourse-the-beautiful-girl-whose-reason-has-been-blown-away-abeno-miku/,https://cdn.javmiku.com/wp-content/uploads/2025/10/hrrb006pl-550x374.jpg
https://jav.guru/792679/hrd-316-a-documentary-six-couples-in-their-sixties-enjoying-a-second-spring-under-the-full-moon-3/,https://cdn.javmiku.com/wp-content/uploads/2025/10/hrd316pl-550x374.jpg
https://jav.guru/792680/homa-135-my-husbands-boss-is-too-good-at-kissing-and-i-find-myself-falling-into-temptation-seeking-drooling-creampie-sex-with-komatsu-an/,https://cdn.javmiku.com/wp-content/uploads/2025/10/homa135pl-550x374.jpg
https://jav.guru/792682/fns-106-my-balls-are-already-empty-my-childhood-friend-a-virgin-and-sex-crazed-monster-took-my-virginity-and-used-it-as-a-vibrator-to-defeat-me-a-non-popular-guy-named-yui-hina/,https://cdn.javmiku.com/wp-content/uploads/2025/10/FNS-106_1200-550x374.jpg
https://jav.guru/792684/bagr-025-the-bitchy-little-sister-who-distorts-the-friendship-and-fetishes-of-the-otaku-older-brother-ayase-kokoro/,https://cdn.javmiku.com/wp-content/uploads/2025/10/bagr025pl-550x374.jpg
https://jav.guru/792685/bacj-073-the-high-level-service-of-the-trained-women-awakened-the-masochistic-desires-in-men-featuring-fujiko-mio/,https://cdn.javmiku.com/wp-content/uploads/2025/10/bacj073pl-550x374.jpg
https://jav.guru/792687/babd-009-having-sex-live-on-the-dangerous-day-that-comes-once-a-month-with-runa-shimotsuki/,https://cdn.javmiku.com/wp-content/uploads/2025/10/babd009pl-550x374.jpg
https://jav.guru/792688/bab-111-prefectural-ordinary-course-tall-slender-beautiful-girl-hitomi-chan-02/,https://cdn.javmiku.com/wp-content/uploads/2025/10/bab111pl-550x374.jpg
https://jav.guru/792690/bab-013-super-sensual-lesbian-grandmas-13/,https://cdn.javmiku.com/wp-content/uploads/2025/10/bab013pl-550x374.jpg
https://jav.guru/792691/bab-011-super-sensual-lesbian-grandmas-11/,https://cdn.javmiku.com/wp-content/uploads/2025/10/bab011pl-550x374.jpg
https://jav.guru/792693/bab-009-super-sensual-lesbian-grandmas-9/,https://cdn.javmiku.com/wp-content/uploads/2025/10/bab009pl-550x374.jpg
https://jav.guru/792694/baa-004-a-troubled-female-college-student-at-a-certain-prestigious-university-goes-wild-with-pleasure-from-being-choked/,https://cdn.javmiku.com/wp-content/uploads/2025/10/baa004pl-550x374.jpg
https://jav.guru/792695/axay-005-kyoko-misaki-slutty-mother-commit-a-friends-son/,https://cdn.javmiku.com/wp-content/uploads/2025/10/29axay005pl-550x374.jpg
https://jav.guru/792696/aw-172-inside-ejaculation-club-the-nakadashi-ism-that-wants-to-climax-inside/,https://cdn.javmiku.com/wp-content/uploads/2025/10/3aw172pl-550x374.jpg
https://jav.guru/792697/asi-057-married-woman-filming-circulation-15-uncovering-the-unusual-desires-of-an-ordinary-wife-lust-money-and-affection/,https://cdn.javmiku.com/wp-content/uploads/2025/10/h_1712asi057pl-550x374.jpg
https://jav.guru/792698/armd-218-girls-together-love-friends/,https://cdn.javmiku.com/wp-content/uploads/2025/10/11armd218pl-550x374.jpg
https://jav.guru/792700/afs-067-mondays-creampie-at-home-visit-with-beautiful-married-women-three-lovely-wives/,https://cdn.javmiku.com/wp-content/uploads/2025/10/118afs067pl-550x374.jpg
https://jav.guru/792702/aed-219-incest-creampie-in-the-vagina-of-a-fifty-year-old-mother-kikukawa-mari/,https://cdn.javmiku.com/wp-content/uploads/2025/10/aed219pl-550x374.jpg
https://jav.guru/792703/aed-185-incest-creampie-in-the-womb-of-a-fifty-year-old-mother-kawashima-yukie/,https://cdn.javmiku.com/wp-content/uploads/2025/10/aed185sopl-550x374.jpg
https://jav.guru/792705/add-057-dogma-2023-first-half-compilation/,https://cdn.javmiku.com/wp-content/uploads/2025/10/add057pl-550x374.jpg
